mrs,namePromotionUser,lastNamePromotionUser,PromotionUser@test.com,12341234,12341234,1111
mrs,namePaymentUser,lastNamePaymentUser,PaymentUser@test.com;,12341234,12341234,1112
mrs,nameOrderHistoryUser,lastNameOrderHistoryUser,OrderHistoryUser@test.com,12341234,12341234,1113
mrs,nameTestUser1,lastNameTestUser1,TestUser1@test.com,12341234,12341234,1114
mrs,nameTestUser2,lastNameTestUser2,TestUser2@test.com,12341234,12341234,1115
mrs,name1,lastname1,n1@sara.com,psw001,psw001,1111
mrs,name2,lastname2,n2@sara.com,psw002,psw002,1112
mrs,name3,lastname3,n3@sara.com,psw003,psw003,1113
mrs,name4,lastname4,n4@sara.com,psw004,psw004,1114
mrs,name5,lastname5,n5@sara.com,psw005,psw005,1115
mrs,name6,lastname6,n6@sara.com,psw006,psw006,1116
mrs,name7,lastname7,n7@sara.com,psw007,psw007,1117
mrs,name8,lastname8,n8@sara.com,psw008,psw008,1118
mrs,name9,lastname9,n9@sara.com,psw009,psw009,1119
mrs,name10,lastname10,n10@sara.com,psw010,psw010,1120
mrs,name11,lastname11,n11@sara.com,psw011,psw011,1121
mrs,name12,lastname12,n12@sara.com,psw012,psw012,1122
mrs,name13,lastname13,n13@sara.com,psw013,psw013,1123
mrs,name14,lastname14,n14@sara.com,psw014,psw014,1124
mrs,name15,lastname15,n15@sara.com,psw015,psw015,1125
mrs,name16,lastname16,n16@sara.com,psw016,psw016,1126
mrs,name17,lastname17,n17@sara.com,psw017,psw017,1127
mrs,name18,lastname18,n18@sara.com,psw018,psw018,1128
mrs,name19,lastname19,n19@sara.com,psw019,psw019,1129
mrs,name20,lastname20,n20@sara.com,psw020,psw020,1130