,mrs,name1,lastname1,la+paz+123,mendoza+326,parana,3100,gb,,,true,on,n20@sara.com,psw020,psw020,1130
,mrs,name2,lastname2,la+paz+124,mendoza+327,parana,3100,gb,,,true,on,n19@sara.com,psw019,psw019,1129
,mrs,name3,lastname3,la+paz+125,mendoza+328,parana,3100,gb,,,true,on,n18@sara.com,psw018,psw018,1128
,mrs,name4,lastname4,la+paz+126,mendoza+329,parana,3100,gb,,,true,on,n17@sara.com,psw017,psw017,1127
,mrs,name5,lastname5,la+paz+127,mendoza+330,parana,3100,gb,,,true,on,n16@sara.com,psw016,psw016,1126
,mrs,name6,lastname6,la+paz+128,mendoza+331,parana,3100,gb,,,true,on,n15@sara.com,psw015,psw015,1125
,mrs,name7,lastname7,la+paz+129,mendoza+332,parana,3100,gb,,,true,on,n14@sara.com,psw014,psw014,1124
,mrs,name8,lastname8,la+paz+130,mendoza+333,parana,3100,gb,,,true,on,n1@sara.com,psw001,psw001,1111
,mrs,name9,lastname9,la+paz+131,mendoza+334,parana,3100,gb,,,true,on,n2@sara.com,psw002,psw002,1112
,mrs,name10,lastname10,la+paz+132,mendoza+335,parana,3100,gb,,,true,on,n3@sara.com,psw003,psw003,1113
,mrs,name11,lastname11,la+paz+133,mendoza+336,parana,3100,gb,,,true,on,n4@sara.com,psw004,psw004,1114
,mrs,name12,lastname12,la+paz+134,mendoza+337,parana,3100,gb,,,true,on,n5@sara.com,psw005,psw005,1115
,mrs,name13,lastname13,la+paz+135,mendoza+338,parana,3100,gb,,,true,on,n6@sara.com,psw006,psw006,1116
,mrs,name14,lastname14,la+paz+136,mendoza+339,parana,3100,gb,,,true,on,n7@sara.com,psw007,psw007,1117
,mrs,name15,lastname15,la+paz+137,mendoza+340,parana,3100,gb,,,true,on,n8@sara.com,psw008,psw008,1118
,mrs,name16,lastname16,la+paz+138,mendoza+341,parana,3100,gb,,,true,on,n9@sara.com,psw009,psw009,1119
,mrs,name17,lastname17,la+paz+139,mendoza+342,parana,3100,gb,,,true,on,n10@sara.com,psw010,psw010,1120
,mrs,name18,lastname18,la+paz+140,mendoza+343,parana,3100,gb,,,true,on,n11@sara.com,psw011,psw011,1121
,mrs,name19,lastname19,la+paz+141,mendoza+344,parana,3100,gb,,,true,on,n12@sara.com,psw012,psw012,1122
,mrs,name20,lastname20,la+paz+142,mendoza+345,parana,3100,gb,,,true,on,n13@sara.com,psw013,psw013,1123