c/1,:relevance:brand:brand_281
c/106,:relevance:price:50-199.99
c/816,:relevance:Colour of product, 1766:Black
c/814,:relevance:Colour of product, 1766:Grey
c/827,:relevance:price:50-199.99
c/829,:relevance:price:0-49.99
c/206,:relevance:brand:brand_2171
c/571,:relevance:Colour of product, 1766:Red:price:200-499.99
c/923,:relevance:price:50-199.99
c/1421,:relevance:Colour of product, 1766:Black:brand:brand_10
c/598,:relevance:price:0-49.99
c/604,:relevance:price:0-49.99
c/585,:relevance:price:0-49.99
c/934,:relevance:brand:brand_10:price:50-199.99
c/1179,:relevance:price:0-49.99
c/1682,:relevance:price:0-49.99
c/586,:relevance:price:0-49.99
c/1553,:relevance:price:0-49.99
c/1288,:relevance:price:0-49.99
c/933,:relevance:price:0-49.99
c/588,:relevance:price:0-49.99
c/597,:relevance:price:0-49.99
c/1200,:relevance:price:0-49.99
c/575,:relevance:price:0-49.99
c/574,:relevance:price:0-49.99
c/1201,:relevance:price:0-49.99
c/584,:relevance:price:0-49.99
c/599,:relevance:price:0-49.99
c/1726,:relevance:price:0-49.99
c/1560,:relevance:price:0-49.99
c/1688,:relevance:price:0-49.99
c/1708,:relevance:price:0-49.99
c/1707,:relevance:price:0-49.99
c/1709,:relevance:price:0-49.99
c/1051,:relevance:price:0-49.99
c/1712,:relevance:price:0-49.99
c/1690,:relevance:price:0-49.99
c/1621,:relevance:price:0-49.99
c/1716,:relevance:price:0-49.99
c/587,:relevance:price:0-49.99
c/1611,:relevance:price:0-49.99
c/1556,:relevance:price:0-49.99
c/1555,:relevance:price:0-49.99
c/577,:relevance:price:0-49.99