,mrs,name1,lastname1,la+paz+123,mendoza+326,parana,3100,gb,,,true,on,n20@bob.com,psw020,psw020,1130
,mrs,name2,lastname2,la+paz+124,mendoza+327,parana,3100,gb,,,true,on,n19@bob.com,psw019,psw019,1129
,mrs,name3,lastname3,la+paz+125,mendoza+328,parana,3100,gb,,,true,on,n18@bob.com,psw018,psw018,1128
,mrs,name4,lastname4,la+paz+126,mendoza+329,parana,3100,gb,,,true,on,n17@bob.com,psw017,psw017,1127
,mrs,name5,lastname5,la+paz+127,mendoza+330,parana,3100,gb,,,true,on,n16@bob.com,psw016,psw016,1126
,mrs,name6,lastname6,la+paz+128,mendoza+331,parana,3100,gb,,,true,on,n15@bob.com,psw015,psw015,1125
,mrs,name7,lastname7,la+paz+129,mendoza+332,parana,3100,gb,,,true,on,n14@bob.com,psw014,psw014,1124
,mrs,name8,lastname8,la+paz+130,mendoza+333,parana,3100,gb,,,true,on,n1@bob.com,psw001,psw001,1111
,mrs,name9,lastname9,la+paz+131,mendoza+334,parana,3100,gb,,,true,on,n2@bob.com,psw002,psw002,1112
,mrs,name10,lastname10,la+paz+132,mendoza+335,parana,3100,gb,,,true,on,n3@bob.com,psw003,psw003,1113
,mrs,name11,lastname11,la+paz+133,mendoza+336,parana,3100,gb,,,true,on,n4@bob.com,psw004,psw004,1114
,mrs,name12,lastname12,la+paz+134,mendoza+337,parana,3100,gb,,,true,on,n5@bob.com,psw005,psw005,1115
,mrs,name13,lastname13,la+paz+135,mendoza+338,parana,3100,gb,,,true,on,n6@bob.com,psw006,psw006,1116
,mrs,name14,lastname14,la+paz+136,mendoza+339,parana,3100,gb,,,true,on,n7@bob.com,psw007,psw007,1117
,mrs,name15,lastname15,la+paz+137,mendoza+340,parana,3100,gb,,,true,on,n8@bob.com,psw008,psw008,1118
,mrs,name16,lastname16,la+paz+138,mendoza+341,parana,3100,gb,,,true,on,n9@bob.com,psw009,psw009,1119
,mrs,name17,lastname17,la+paz+139,mendoza+342,parana,3100,gb,,,true,on,n10@bob.com,psw010,psw010,1120
,mrs,name18,lastname18,la+paz+140,mendoza+343,parana,3100,gb,,,true,on,n11@bob.com,psw011,psw011,1121
,mrs,name19,lastname19,la+paz+141,mendoza+344,parana,3100,gb,,,true,on,n12@bob.com,psw012,psw012,1122
,mrs,name20,lastname20,la+paz+142,mendoza+345,parana,3100,gb,,,true,on,n13@bob.com,psw013,psw013,1123
,mrs,name1,lastname1,la+paz+123,mendoza+326,parana,3100,gb,,,true,on,n200@bob.com,psw200,psw200,1130
,mrs,name2,lastname2,la+paz+124,mendoza+327,parana,3100,gb,,,true,on,n190@bob.com,psw190,psw190,1129
,mrs,name3,lastname3,la+paz+125,mendoza+328,parana,3100,gb,,,true,on,n180@bob.com,psw180,psw180,1128
,mrs,name4,lastname4,la+paz+126,mendoza+329,parana,3100,gb,,,true,on,n170@bob.com,psw170,psw170,1127
,mrs,name5,lastname5,la+paz+127,mendoza+330,parana,3100,gb,,,true,on,n160@bob.com,psw160,psw160,1126
,mrs,name6,lastname6,la+paz+128,mendoza+331,parana,3100,gb,,,true,on,n150@bob.com,psw150,psw150,1125
,mrs,name7,lastname7,la+paz+129,mendoza+332,parana,3100,gb,,,true,on,n140@bob.com,psw140,psw140,1124
,mrs,name8,lastname8,la+paz+130,mendoza+333,parana,3100,gb,,,true,on,n1000@bob.com,psw1000,psw1000,1111
,mrs,name9,lastname9,la+paz+131,mendoza+334,parana,3100,gb,,,true,on,n2000@bob.com,psw2000,psw2000,1112
,mrs,name10,lastname10,la+paz+132,mendoza+335,parana,3100,gb,,,true,on,n30@bob.com,psw030,psw030,1113
,mrs,name11,lastname11,la+paz+133,mendoza+336,parana,3100,gb,,,true,on,n40@bob.com,psw040,psw040,1114
,mrs,name12,lastname12,la+paz+134,mendoza+337,parana,3100,gb,,,true,on,n50@bob.com,psw050,psw050,1115
,mrs,name13,lastname13,la+paz+135,mendoza+338,parana,3100,gb,,,true,on,n60@bob.com,psw060,psw060,1116
,mrs,name14,lastname14,la+paz+136,mendoza+339,parana,3100,gb,,,true,on,n70@bob.com,psw070,psw070,1117
,mrs,name15,lastname15,la+paz+137,mendoza+340,parana,3100,gb,,,true,on,n80@bob.com,psw080,psw080,1118
,mrs,name16,lastname16,la+paz+138,mendoza+341,parana,3100,gb,,,true,on,n90@bob.com,psw090,psw090,1119
,mrs,name17,lastname17,la+paz+139,mendoza+342,parana,3100,gb,,,true,on,n100@bob.com,psw100,psw100,1120
,mrs,name18,lastname18,la+paz+140,mendoza+343,parana,3100,gb,,,true,on,n110@bob.com,psw110,psw110,1121
,mrs,name19,lastname19,la+paz+141,mendoza+344,parana,3100,gb,,,true,on,n120@bob.com,psw120,psw120,1122
,mrs,name20,lastname20,la+paz+142,mendoza+345,parana,3100,gb,,,true,on,n130@bob.com,psw130,psw130,1123